"product_code","campaign_type","template_preset","product_name","category","price_text","headline","subheadline","body_copy","cta","facebook_caption","disclaimer","hashtags"
"NB-EXAMPLE-001","clearance","notebook","Notebook Example 14","Notebook","ราคา 15,900 บาท","โปรเคลียร์สต็อก Notebook Example 14","Notebook | มีพร้อมขาย 2 ชิ้น","สินค้าค้างสต็อก 120 วัน จัดเป็นตัวคุ้มประจำรอบนี้ รอบนี้เน้นความคุ้มค่าและจำนวนจำกัด เหมาะกับคนที่อยากได้ของใช้จริงก่อนหมดรอบ","ทักแชตเช็กสินค้าและราคาล่าสุด หรือแวะที่ Advice สามร้อยยอด","โปรเคลียร์สต็อก Notebook Example 14
Notebook | มีพร้อมขาย 2 ชิ้น
ราคา 15,900 บาท

สินค้าค้างสต็อก 120 วัน จัดเป็นตัวคุ้มประจำรอบนี้ รอบนี้เน้นความคุ้มค่าและจำนวนจำกัด เหมาะกับคนที่อยากได้ของใช้จริงก่อนหมดรอบ

ทักแชตเช็กสินค้าและราคาล่าสุด หรือแวะที่ Advice สามร้อยยอด

ราคาและจำนวนสินค้าอาจเปลี่ยนแปลงได้ กรุณาทักเช็กก่อนสั่งซื้อ","ราคาและจำนวนสินค้าอาจเปลี่ยนแปลงได้ กรุณาทักเช็กก่อนสั่งซื้อ","#Adviceสามร้อยยอด #โปรไอที #Notebook #โน้ตบุ๊ก"
